id,lr,batch_size,epochs,accuracy,precision,recall,f1,auc
1,0.1,32,100,0.9,0.8,0.36363636363636365,0.5,0.944956814522032
2,1.0,32,100,0.9041666666666667,0.8571428571428571,0.36363636363636365,0.5106382978723404,0.9503732981993852
3,0.01,32,100,0.8958333333333334,0.7857142857142857,0.3333333333333333,0.46808510638297873,0.9417362026057677
4,0.001,32,100,0.9041666666666667,0.8125,0.3939393939393939,0.5306122448979592,0.9178743961352657
5,0.1,8,100,0.9041666666666667,0.8571428571428571,0.36363636363636365,0.5106382978723404,0.9462743375786854
6,0.1,128,100,0.9,0.8,0.36363636363636365,0.5,0.9446640316205533
7,0.1,1119,100,0.8958333333333334,0.8333333333333334,0.30303030303030304,0.4444444444444444,0.9377836334358074
8,0.1,32,20,0.9041666666666667,0.8571428571428571,0.36363636363636365,0.5106382978723404,0.9434929000146391
9,0.1,32,300,0.9041666666666667,0.8571428571428571,0.36363636363636365,0.5106382978723404,0.9448104230712926
10,0.01,64,500,0.9,0.8,0.36363636363636365,0.5,0.9445176401698141
